Name,Price,Mileage,Expert Rating,Consumer Rating
2024 Subaru Crosstrek,26290,29,4.6,N/A
2024 Chevrolet Trax,21495,30,4.1,N/A
2024 Subaru Legacy,25985,30,4.0,4.5
2024 Buick Encore GX,28095,30,3.6,4.3
2024 MINI Hardtop 2 Door,26795,30,3.3,4.6
2024 MINI Hardtop 4 Door,27795,31,3.3,4.6
2023 Kia Seltos,24665,29,4.8,4.1
2023 Honda Accord,28390,32,4.8,N/A
2023 Toyota Prius,28545,57,4.8,N/A
2023 MAZDA MX-5 Miata,29215,29,4.8,4.7
2023 Honda CR-V,29705,30,4.8,N/A
2023 Honda HR-V,25095,28,4.7,3.8
2023 Honda Civic,26145,33,4.7,4.2
2023 Hyundai Elantra,22065,37,4.6,4.1
2023 Hyundai Elantra Hybrid,25665,54,4.6,4.1
2023 Toyota Camry,27415,32,4.6,3.9
2023 Chevrolet Bolt EV,27495,32,4.6,4.6
2023 Kia Sportage,27615,28,4.6,4.7
2023 Chevrolet Bolt EUV,28795,28,4.6,4.4
2023 Kia Sportage Hybrid,28815,43,4.6,4.7
2023 Toyota Tacoma Access Cab,29585,21,4.6,4.0
2023 Toyota RAV4,29610,30,4.6,3.6
2023 Subaru Outback,29620,28,4.6,4.0
2023 Toyota Camry Hybrid,29750,52,4.6,3.9
2023 Ford Maverick,24190,37,4.5,4.6
2023 Toyota Corolla Cross,24945,30,4.5,4.3
2023 Kia K5,26415,31,4.5,4.3
2023 Kia Niro,27915,49,4.5,N/A
2023 MAZDA CX-5,28075,26,4.5,4.4
2023 MAZDA CX-50,28925,27,4.5,N/A
2023 Ford Mustang,29145,24,4.5,4.7
2023 Kia Soul,21215,30,4.4,4.4
2023 Hyundai Kona,23475,32,4.4,4.3
2023 Toyota Corolla Hybrid,23895,50,4.4,4.2
2023 Toyota Corolla,25045,34,4.4,4.2
2023 Hyundai Sonata,26215,32,4.4,4.3
2023 Hyundai Tucson,28235,28,4.4,4.4
2023 Ford Ranger SuperCab,28895,23,4.4,4.4
2023 Hyundai Sonata Hybrid,29215,52,4.4,3.9
2023 Subaru BRZ,29615,22,4.4,2.6
2023 Toyota Corolla Hatchback,24250,35,4.3,4.3
2023 Subaru Forester,27620,29,4.3,4.5
2023 Toyota GR86,28925,22,4.3,3.3
2023 Nissan Rogue,29095,33,4.3,3.7
2023 Nissan Versa,16925,30,4.2,4.0
2023 Kia Forte,20815,34,4.2,4.0
2023 Hyundai Venue,20985,31,4.2,4.4
2023 Nissan Kicks,21775,33,4.2,4.0
2023 Subaru Crosstrek,24870,25,4.2,4.4
2023 Hyundai Santa Cruz,27035,23,4.2,4.5
2023 Nissan Sentra,21145,33,4.1,4.0
2023 Chevrolet Trailblazer,23395,30,4.1,4.6
2023 Volkswagen Taos,25410,31,4.1,3.6
2023 Nissan Altima,26585,32,4.1,4.0
2023 Chevrolet Camaro,27795,22,4.1,4.0
2023 GMC Terrain,29795,27,4.1,4.1
2023 MAZDA MAZDA3,23715,31,4.0,4.2
2023 Subaru Legacy,25415,30,4.0,4.5
2023 Chevrolet Equinox,27695,28,4.0,3.9
2023 Volkswagen Tiguan,28245,26,4.0,4.4
2023 Volkswagen Jetta,21750,34,3.9,4.2
2023 Nissan LEAF,29135,34,3.9,4.5
2023 Jeep Compass,29995,27,3.9,3.5
2023 Subaru Impreza,20815,26,3.8,4.3
2023 Jeep Renegade,29400,26,3.8,3.9
2023 Mitsubishi Outlander Sport,24505,26,3.7,3.3
2023 Mitsubishi Outlander,29715,27,3.6,4.1
2023 Chevrolet Malibu,26095,30,3.5,3.9
2023 MINI Hardtop 2 Door,24250,30,3.3,4.6
2023 MINI Hardtop 4 Door,25250,31,3.3,4.6
2023 Mitsubishi Eclipse Cross,27335,26,3.3,4.2
2023 MINI Convertible,29250,31,3.3,4.6
2023 Mitsubishi Mirage,17450,39,3.1,4.4
2023 Mitsubishi Mirage G4,18450,37,3.1,4.1
2022 Kia Seltos,23885,29,4.8,4.1
2022 Toyota RAV4,28150,30,4.8,3.6
2022 MAZDA MX-5 Miata,28365,29,4.8,4.7
2022 MAZDA CX-30,23475,26,4.7,4.5
2022 Honda Civic,23645,35,4.7,4.2
2022 Honda Accord,27615,33,4.7,4.4
2022 Honda CR-V,28045,30,4.7,4.1
2022 Hyundai Santa Fe,28495,26,4.7,4.6
2022 Honda Accord Hybrid,28815,47,4.7,4.3
2022 Hyundai Elantra,21295,37,4.6,4.1
2022 Hyundai Tucson,26245,29,4.6,4.4
2022 Toyota Camry,26840,32,4.6,3.9
2022 Toyota Tacoma Access Cab,28325,21,4.6,4.0
2022 Subaru Outback,28820,29,4.6,4.0
2022 Toyota Camry Hybrid,28975,52,4.6,3.9
2022 Toyota Tacoma Double Cab,29155,21,4.6,4.0
2022 Toyota Prius Prime,29765,21,4.6,4.8
2022 Ford Maverick,22490,37,4.5,4.6
2022 Honda HR-V,23115,30,4.5,4.1
2022 Kia K5,24885,32,4.5,4.3
2022 MAZDA CX-5,27525,26,4.5,4.4
2022 Ford Mustang,28845,24,4.5,4.7
2022 Hyundai Accent,16490,33,4.4,4.1
2022 Kia Soul,20585,30,4.4,4.4
2022 Toyota Corolla,21420,33,4.4,4.2
2022 Toyota Corolla Hybrid,24745,52,4.4,4.2
2022 Hyundai Sonata,25595,32,4.4,4.3
2022 Toyota Prius,26070,56,4.4,4.5
2022 Nissan Rogue,28445,33,4.4,3.7
2022 Hyundai Sonata Hybrid,28445,52,4.4,3.9
2022 Subaru BRZ,28990,22,4.4,2.6
2022 Ford Ranger SuperCrew,29660,23,4.4,4.4
2022 Kia Rio,17545,36,4.3,4.1
2022 Toyota Corolla Hatchback,22160,31,4.3,4.3
2022 Hyundai Ioniq Hybrid,24695,59,4.3,4.2
2022 Subaru Forester,27070,29,4.3,4.5
2022 Hyundai Ioniq Plug-in Hybrid,27895,29,4.3,4.2
2022 Toyota GR86,28725,22,4.3,3.3
2022 Nissan Versa,16675,30,4.2,4.0
2022 Kia Forte,20185,35,4.2,4.0
2022 Subaru Crosstrek,24320,25,4.2,4.4
2022 Hyundai Santa Cruz,25735,23,4.2,4.5
2022 Kia Niro,26080,49,4.2,4.5
2022 Chevrolet Equinox,27195,28,4.2,3.9
2022 Acura ILX,28395,28,4.2,4.3
2022 GMC Canyon Extended Cab,28595,22,4.2,4.4
2022 Nissan Sentra,21045,33,4.1,4.0
2022 Hyundai Kona,22595,32,4.1,4.3
2022 Nissan Altima,25995,32,4.1,4.0
2022 Chevrolet Camaro,26395,22,4.1,4.0
2022 Honda Insight,26855,52,4.1,4.3
2022 Chevrolet Colorado Extended Cab,26995,22,4.1,4.3
2022 Chevrolet Colorado Crew Cab,28895,22,4.1,4.3
2022 GMC Terrain,29795,27,4.1,4.1
2022 MAZDA MAZDA3,21865,31,4.0,4.2
2022 Toyota Corolla Cross,23660,32,4.0,4.3
2022 Subaru Legacy,24490,30,4.0,4.5
2022 Volkswagen Tiguan,27785,26,4.0,4.4
2022 Nissan Frontier King Cab,29985,20,4.0,N/A
2022 Hyundai Venue,20295,31,3.9,4.4
2022 Volkswagen Jetta,21460,34,3.9,4.2
2022 Kia Sportage,25305,26,3.9,4.5
2022 Volkswagen Taos,24790,31,3.8,3.6
2022 Volkswagen Passat,28570,28,3.8,4.4
2022 Jeep Compass,28880,25,3.8,3.5
2022 Nissan Kicks,21285,33,3.7,4.0
2022 Nissan LEAF,28495,33,3.7,4.5
2022 Ford Escape,28660,30,3.7,4.2
2022 Mitsubishi Outlander,28500,27,3.6,4.1
2022 Chevrolet Spark,14595,33,3.5,4.2
2022 Chevrolet Malibu,24495,32,3.5,3.9
2022 Toyota C-HR,25495,29,3.5,4.0
2022 Buick Encore GX,25595,30,3.5,4.3
2022 MINI Countryman,29950,30,3.4,4.2
2022 MINI Hardtop 2 Door,23750,30,3.3,4.6
2022 Mitsubishi Eclipse Cross,25080,27,3.3,4.2
2022 Jeep Renegade,26290,27,3.3,3.9
2022 Ford EcoSport,23335,25,3.2,4.2
2022 Mitsubishi Mirage,16125,36,3.1,4.4
2022 Mitsubishi Mirage G4,16995,35,3.1,4.1
2022 Chevrolet Trax,22595,27,3.1,3.7
2022 Buick Encore,25795,27,3.1,4.4
2022 Mitsubishi Outlander Sport,23245,27,3.0,3.3
2022 FIAT 500X,29560,26,2.9,4.0
2022 MINI Hardtop 4 Door,24750,31,N/A,4.6
2022 Ford Transit Connect Cargo Van,26570,25,N/A,4.3
2022 MINI Convertible,28750,31,N/A,4.6
2022 Ford Transit Connect Passenger Wagon,29315,26,N/A,4.3
2022 Kia Sorento,29650,26,4.7,4.2
2022 Chevrolet Bolt EV,28230,26,4.6,4.6
2022 Kia Niro Plug-in Hybrid,28750,26,4.2,4.5
2022 Nissan Maxima,29886,24,3.9,4.7
2022 Jeep Cherokee,29381,24,3.4,3.9
2021 Hyundai Elantra,20625,37,4.8,4.1
2021 Kia Seltos,23781,29,4.8,4.1
2021 MAZDA MX-5 Miata,26600,29,4.8,4.7
2021 Honda Civic,23336,33,4.7,4.7
2021 Hyundai Santa Fe,26400,26,4.7,4.6
2021 Kia Sorento,26550,26,4.7,4.2
2021 Honda Accord,26936,33,4.7,4.4
2021 Honda CR-V,28552,29,4.7,4.1
2021 Hyundai Santa Fe Hybrid,29900,34,4.7,4.9
2021 MAZDA CX-5,25473,28,4.6,4.4
2021 Toyota Camry,26372,32,4.6,3.9
2021 Subaru Outback,26450,29,4.6,4.0
2021 Toyota Tacoma Access Cab,28250,21,4.6,4.0
2021 Ford Bronco Sport,29052,26,4.6,4.7
2021 Kia Soul,19160,30,4.5,4.4
2021 Honda HR-V,23342,30,4.5,4.1
2021 Kia K5,26317,32,4.5,4.3
2021 Nissan Rogue,26969,29,4.5,3.7
2021 Ford Mustang,28685,25,4.5,4.7
2021 Hyundai Venue,19002,31,4.4,4.4
2021 Hyundai Accent,20971,36,4.4,4.1
2021 Toyota Corolla,23542,33,4.4,4.2
2021 Hyundai Sonata,24718,32,4.4,4.3
2021 Toyota Prius,26302,56,4.4,4.5
2021 Subaru Forester,26431,29,4.4,4.5
2021 Toyota Corolla Hybrid,27437,52,4.4,4.2
2021 Hyundai Sonata Hybrid,28081,52,4.4,3.9
2021 Honda Pilot,28912,22,4.4,3.5
2021 Ford Ranger SuperCab,29007,23,4.4,4.4
2021 Kia Rio,19199,36,4.3,4.1
2021 Chevrolet Equinox,21700,28,4.3,3.9
2021 Hyundai Ioniq Hybrid,23910,59,4.3,4.2
2021 Toyota Corolla Hatchback,24473,35,4.3,4.3
2021 Subaru Crosstrek,25967,35,4.3,4.4
2021 Nissan Versa,18303,30,4.2,4.0
2021 Kia Forte,21172,35,4.2,4.0
2021 Hyundai Kona,21515,30,4.2,4.3
2021 GMC Terrain,24423,27,4.2,4.1
2021 MAZDA MAZDA6,25393,29,4.2,4.5
2021 Kia Niro Plug-in Hybrid,26380,29,4.2,4.5
2021 Acura ILX,26804,28,4.2,4.3
2021 Subaru WRX,27656,23,4.2,4.5
2021 GMC Canyon Extended Cab,28350,21,4.2,4.4
2021 Chrysler 300,29313,23,4.2,4.8
2021 Chevrolet Traverse,29600,21,4.2,4.3
2021 Nissan Sentra,21303,33,4.1,4.0
2021 Kia Sportage,22387,26,4.1,4.5
2021 Chevrolet Trailblazer,23341,29,4.1,4.6
2021 Nissan Altima,23914,32,4.1,4.0
2021 Honda Insight,24954,52,4.1,4.6
2021 Chevrolet Colorado Extended Cab,25240,22,4.1,4.3
2021 Chevrolet Camaro,27896,22,4.1,4.0
2021 Volkswagen Atlas,28822,22,4.1,3.9
2021 Chevrolet Colorado Crew Cab,29542,22,4.1,4.3
2021 Nissan Kicks,19841,33,4.0,4.0
2021 MAZDA MAZDA3,20244,31,4.0,4.2
2021 Subaru Legacy,24710,30,4.0,4.5
2021 Volkswagen Tiguan,26356,25,4.0,4.4
2021 Volkswagen Atlas Cross Sport,29820,22,4.0,3.7
2021 Volkswagen Jetta,20841,33,3.9,4.2
2021 Nissan Rogue Sport,22565,27,3.9,4.3
2021 Ford Escape,23172,30,3.9,4.2
2021 Nissan Maxima,28898,24,3.9,4.7
2021 BMW i3,29844,24,3.9,4.7
2021 Subaru Impreza,21752,32,3.8,4.3
2021 Volkswagen Passat,22261,28,3.8,4.4
2021 Hyundai Tucson,23176,25,3.8,4.1
2021 Nissan Frontier King Cab,25367,20,3.8,4.4
2021 Chevrolet Blazer,26224,23,3.8,4.4
2021 Toyota C-HR,26380,29,3.8,4.0
2021 Ford Explorer,27526,24,3.8,3.6
2021 Nissan LEAF,21815,24,3.7,4.5
2021 MAZDA CX-3,22075,31,3.7,4.5
2021 Nissan Murano,27420,23,3.7,4.6
2021 Volkswagen Golf,23683,32,3.6,4.3
2021 MINI Countryman,26547,32,3.6,4.2
2021 Dodge Challenger,29059,23,3.6,4.7
2021 Chevrolet Spark,17079,33,3.5,4.2
2021 Buick Encore GX,22598,29,3.5,4.3
2021 Jeep Compass,22913,25,3.5,3.5
2021 Chevrolet Malibu,23757,32,3.5,3.9
2021 Jeep Renegade,24149,24,3.5,3.9
2021 Ford Edge,26735,23,3.5,4.4
2021 Jeep Cherokee,25637,24,3.4,3.9
2021 MINI Clubman,29340,29,3.4,3.8
2021 Ford EcoSport,18087,28,3.3,4.2
2021 MINI Hardtop 2 Door,22180,28,3.3,4.6
2021 Chevrolet Trax,19810,27,3.2,3.7
2021 Mitsubishi Mirage,15788,36,3.1,4.4
2021 Buick Encore,19811,27,3.1,4.4
2021 Mitsubishi Outlander Sport,21654,27,3.0,3.3
2021 FIAT 500X,19912,26,2.9,4.0
2021 Mitsubishi Mirage G4,16243,35,N/A,4.1
2021 MINI Hardtop 4 Door,23442,30,N/A,4.6
2021 Chrysler Voyager,25794,22,N/A,4.3
2021 Hyundai Ioniq Electric,26276,N/A,N/A,4.2
2021 Nissan NV200,26323,25,N/A,3.4
2021 Volkswagen Golf GTI,26553,27,N/A,4.6
2021 Hyundai Ioniq Plug-in Hybrid,27392,N/A,N/A,4.2
2021 MINI Convertible,27861,30,N/A,4.6
2021 Ford Transit Connect Passenger Wagon,27925,26,N/A,4.3
2021 Ram ProMaster City,28514,24,N/A,3.2
2021 Volkswagen Jetta GLI,29019,28,N/A,4.2
2021 Ford Transit Connect Cargo Van,29450,25,N/A,4.3
2021 MAZDA MX-5 Miata RF,29568,29,N/A,4.7
2020 Honda CR-V,27583,29,4.8,4.1
2020 Honda CR-V Hybrid,27979,38,4.8,3.9
2020 Toyota RAV4,28750,30,4.8,3.6
2020 MAZDA CX-30,22108,28,4.7,4.5
2020 Chevrolet Bolt EV,22369,28,4.7,4.6
2020 Honda Pilot,25190,21,4.7,3.5
2020 Hyundai Palisade,27806,22,4.7,4.2
2020 Honda Accord Hybrid,28051,48,4.7,4.3
2020 Volvo XC40,28676,27,4.7,4.5
2020 Honda Civic,17542,33,4.6,4.7
2020 Kia Soul,18255,30,4.6,4.4
2020 Honda Fit,19458,36,4.6,4.5
2020 Nissan Sentra,20070,33,4.6,4.0
2020 Toyota Corolla,21257,33,4.6,4.2
2020 Toyota Camry,21854,34,4.6,3.9
2020 Hyundai Sonata,22134,32,4.6,4.3
2020 Hyundai Santa Fe,22283,25,4.6,4.6
2020 Honda HR-V,22592,30,4.6,4.1
2020 MAZDA CX-5,24187,28,4.6,4.4
2020 Subaru Outback,24360,29,4.6,4.0
2020 MAZDA MX-5 Miata,24913,29,4.6,4.7
2020 Subaru Crosstrek,25312,29,4.6,4.4
2020 Subaru Forester,25603,29,4.6,4.5
2020 Toyota Corolla Hybrid,25837,52,4.6,4.2
2020 Hyundai Sonata Hybrid,26605,47,4.6,3.9
2020 Ford Mustang,26668,23,4.6,4.7
2020 Volvo S60,27170,23,4.6,4.4
2020 Audi A3,27914,30,4.6,4.0
2020 Honda Odyssey,28574,22,4.6,3.5
2020 Toyota Camry Hybrid,29290,52,4.6,3.9
2020 Genesis G70,29742,22,4.6,4.8
2020 Hyundai Venue,16767,32,4.5,4.4
2020 Hyundai Elantra,17537,36,4.5,4.1
2020 Kia Forte,20722,33,4.5,4.0
2020 Hyundai Kona,20883,30,4.5,4.3
2020 Chrysler Voyager,22348,22,4.5,4.3
2020 FIAT 124 Spider,24598,30,4.5,4.9
2020 Subaru Ascent,25012,23,4.5,4.0
2020 Chevrolet Impala,26078,22,4.5,4.6
2020 Hyundai Kona Electric,27057,22,4.5,4.3
2020 Ford Ranger SuperCab,27782,23,4.5,4.4
2020 Chrysler Pacifica,27797,22,4.5,4.3
2020 Honda Passport,28300,21,4.5,4.4
2020 Ram 1500 Quad Cab,28757,23,4.5,4.4
2020 Buick Enclave,28761,21,4.5,4.4
2020 BMW 2 Series,28878,27,4.5,4.8
2020 BMW X1,29462,27,4.5,4.2
2020 Chrysler Pacifica Hybrid,29730,27,4.5,4.1
2020 Toyota Avalon,29792,26,4.5,4.0
2020 Nissan Kicks,18320,33,4.4,4.0
2020 Volkswagen Jetta,19476,34,4.4,4.2
2020 Nissan LEAF,20476,34,4.4,4.5
2020 Kia Sportage,20808,26,4.4,4.5
2020 Chevrolet Equinox,20906,28,4.4,3.9
2020 Hyundai Veloster,21038,30,4.4,4.2
2020 Hyundai Ioniq Hybrid,21162,58,4.4,4.2
2020 Nissan Rogue Sport,21335,27,4.4,4.3
2020 MAZDA MAZDA3,21467,30,4.4,4.2
2020 Kia Niro,22066,50,4.4,4.5
2020 GMC Terrain,22631,27,4.4,4.1
2020 Nissan Altima,22910,32,4.4,4.0
2020 Toyota C-HR,22923,29,4.4,4.0
2020 Kia Optima,23136,27,4.4,4.1
2020 MAZDA MAZDA6,23328,29,4.4,4.5
2020 Kia Niro Plug-in Hybrid,23418,29,4.4,4.5
2020 Hyundai Ioniq Electric,24059,29,4.4,4.2
2020 Toyota Prius,24285,52,4.4,4.5
2020 Subaru Legacy,24599,30,4.4,4.5
2020 Hyundai Ioniq Plug-in Hybrid,25208,30,4.4,4.2
2020 Chevrolet Traverse,25550,21,4.4,4.3
2020 Subaru BRZ,25883,24,4.4,4.6
2020 Volkswagen Atlas,26975,22,4.4,3.9
2020 Volkswagen Jetta GLI,27002,28,4.4,4.2
2020 Kia Optima Hybrid,27460,42,4.4,4.3
2020 Ford F150 Regular Cab,28770,22,4.4,4.6
2020 Chevrolet Sonic,15706,29,4.3,4.0
2020 Kia Rio,16504,36,4.3,4.1
2020 Hyundai Accent,17768,36,4.3,4.1
2020 Buick Encore GX,20191,28,4.3,4.3
2020 Ford Escape,20651,30,4.3,4.2
2020 Subaru Impreza,20783,31,4.3,4.3
2020 Nissan Rogue,22815,27,4.3,4.1
2020 Chevrolet Blazer,23714,23,4.3,4.4
2020 Kia Sedona,24557,21,4.3,4.3
2020 Volkswagen Tiguan,26121,25,4.3,4.4
2020 Chevrolet Camaro,26431,23,4.3,4.0
2020 Acura TLX,27060,27,4.3,4.3
2020 Toyota 86,27315,27,4.3,3.8
2020 Subaru WRX,27490,23,4.3,4.5
2020 Toyota Tacoma Access Cab,27563,21,4.3,4.0
2020 Lexus UX,27852,33,4.3,4.2
2020 Jeep Grand Cherokee,29000,21,4.3,4.3
2020 Nissan Versa,16986,30,4.2,4.0
2020 MAZDA CX-3,20853,31,4.2,4.5
2020 Hyundai Tucson,21384,25,4.2,4.1
2020 GMC Canyon Extended Cab,21963,22,4.2,4.4
2020 GMC Canyon Crew Cab,28410,20,4.2,4.4
2020 INFINITI QX60,28856,22,4.2,4.1
2020 Lincoln Corsair,29231,25,4.2,4.2
2020 Jeep Renegade,20814,24,4.1,3.9
2020 Chevrolet Colorado Extended Cab,21163,22,4.1,4.3
2020 Kia Sorento,21520,25,4.1,4.4
2020 Volkswagen Golf,21775,32,4.1,4.3
2020 Chevrolet Malibu,22028,32,4.1,3.9
2020 Volkswagen Passat,22233,27,4.1,4.4
2020 Nissan Murano,23297,23,4.1,4.6
2020 Nissan Pathfinder,24350,23,4.1,4.0
2020 Chevrolet Colorado Crew Cab,25740,22,4.1,4.3
2020 Volkswagen Arteon,27350,25,4.1,5.0
2020 Ford Fusion Plug-in Hybrid,27735,25,4.1,4.6
2020 GMC Acadia,28650,23,4.1,4.2
2020 Jaguar F-PACE,28945,24,4.1,4.6
2020 Chrysler 300,25729,23,4.0,4.8
2020 MAZDA CX-9,26384,24,4.0,4.7
2020 Dodge Challenger,27804,23,4.0,4.7
2020 Ford EcoSport,17121,28,3.9,4.2
2020 Buick Encore,17745,27,3.9,4.4
2020 Chevrolet Trax,17878,28,3.9,3.7
2020 Nissan Maxima,26081,24,3.9,4.7
2020 Lincoln Nautilus,27748,23,3.9,4.6
2020 Chevrolet Spark,14838,33,3.8,4.2
2020 FIAT 500X,18327,26,3.8,4.0
2020 Ford Edge,22491,23,3.8,4.4
2020 Ford Explorer,23516,24,3.8,3.6
2020 MINI Clubman,27441,29,3.8,3.8
2020 MINI Hardtop 2 Door,21425,29,3.7,4.6
2020 Nissan Frontier King Cab,22955,20,3.7,4.4
2020 Lincoln MKZ,28733,41,3.7,4.6
2020 Dodge Charger,28735,23,3.7,4.7
2020 Mitsubishi Eclipse Cross,22406,26,3.6,4.2
2020 Jeep Compass,22582,25,3.6,3.5
2020 Dodge Grand Caravan Passenger,23575,20,3.6,3.7
2020 Buick Envision,26724,25,3.6,4.7
2020 Land Rover Discovery Sport,28712,21,3.6,3.9
2020 Toyota Yaris,17157,35,3.5,4.3
2020 Mitsubishi Outlander,21557,27,3.5,4.6
2020 Mitsubishi Outlander PHEV,28642,27,3.5,4.6
2020 Dodge Durango,27900,21,3.2,4.7
2020 Mitsubishi Outlander Sport,20554,27,3.1,4.6
2020 Mitsubishi Mirage,14546,36,3.0,4.4
2020 FIAT 500L,18753,25,2.9,4.5
2020 Dodge Journey,21533,21,2.9,3.7
2020 Toyota Yaris Hatchback,19299,35,N/A,N/A
2020 Buick Regal Sportback,19374,26,N/A,4.4
2020 Toyota Corolla Hatchback,21598,35,N/A,4.3
2020 MINI Hardtop 4 Door,22171,31,N/A,4.6
2020 Buick Regal TourX,22665,24,N/A,4.4
2020 Honda Insight,23283,52,N/A,4.6
2020 MINI Countryman,25260,N/A,N/A,4.2
2020 Nissan NV200,25422,25,N/A,3.4
2020 MINI Convertible,25720,31,N/A,4.6
2020 Ram ProMaster City,26415,24,N/A,3.2
2020 Ford Escape Plug-in Hybrid,26467,N/A,N/A,4.2
2020 Ford Transit Connect Cargo Van,26529,25,N/A,4.3
2020 Ford Transit Connect Passenger Wagon,26689,26,N/A,4.3
2020 Mercedes-Benz Metris Cargo,28109,22,N/A,4.0
2020 MAZDA MX-5 Miata RF,28150,29,N/A,4.7
2020 BMW i3,28665,N/A,N/A,4.7
2019 Toyota RAV4,26279,30,4.9,3.6
2019 Toyota RAV4 Hybrid,28874,40,4.9,3.6
2019 Honda CR-V,25270,27,4.8,4.1
2019 Honda Accord Hybrid,26600,48,4.8,4.3
2019 Audi Q3,27528,22,4.8,3.6
2019 Audi A5,29803,27,4.8,4.1
2019 Hyundai Santa Fe,18498,25,4.7,4.6
2019 Chevrolet Bolt EV,20786,25,4.7,4.6
2019 MAZDA CX-5,21571,28,4.7,4.4
2019 Honda Pilot,23586,21,4.7,3.5
2019 Honda Accord,24064,33,4.7,4.4
2019 Honda Clarity Plug-in Hybrid,24870,33,4.7,4.5
2019 Volvo XC40,26185,27,4.7,4.5
2019 Genesis G70,27593,22,4.7,4.8
2019 Toyota Prius Prime,28044,22,4.7,4.8
2019 Audi Q7,28188,21,4.7,4.4
2019 Kia Forte,15173,35,4.6,4.0
2019 Honda Civic,16826,33,4.6,4.7
2019 Toyota Corolla,18239,34,4.6,4.3
2019 Honda HR-V,20795,30,4.6,4.1
2019 Toyota Camry,20841,34,4.6,3.9
2019 Subaru Forester,22538,29,4.6,4.5
2019 Subaru BRZ,22642,24,4.6,4.6
2019 Audi A3,23259,29,4.6,4.0
2019 MAZDA MX-5 Miata,23526,29,4.6,4.7
2019 Toyota 86,24508,27,4.6,3.8
2019 Volvo S60,24902,27,4.6,4.4
2019 Ford Mustang,24976,23,4.6,4.7
2019 Honda Passport,25056,21,4.6,4.4
2019 BMW X2,25172,26,4.6,4.5
2019 Honda Odyssey,25556,22,4.6,3.5
2019 MAZDA MX-5 Miata RF,25959,29,4.6,4.7
2019 Acura MDX,26104,23,4.6,4.0
2019 Toyota Camry Hybrid,27812,52,4.6,3.9
2019 Acura RDX,28102,24,4.6,4.0
2019 Ram 1500 Quad Cab,28505,20,4.6,4.4
2019 Mercedes-Benz GLC,28837,20,4.6,3.9
2019 Hyundai Elantra,14185,35,4.5,4.1
2019 Hyundai Elantra GT,17305,27,4.5,4.1
2019 Nissan Kicks,17369,33,4.5,4.0
2019 MAZDA MAZDA3,18465,30,4.5,4.2
2019 Hyundai Kona,18923,30,4.5,4.3
2019 Chrysler Pacifica,21165,22,4.5,4.3
2019 FIAT 124 Spider,21783,30,4.5,4.9
2019 Chevrolet Impala,23270,25,4.5,4.6
2019 Subaru Ascent,23601,23,4.5,4.0
2019 Ford Ranger SuperCab,24671,23,4.5,4.4
2019 Hyundai Kona Electric,24826,23,4.5,4.3
2019 INFINITI Q50,25412,25,4.5,4.4
2019 Buick Enclave,25463,21,4.5,4.4
2019 Chrysler Pacifica Hybrid,26613,21,4.5,4.1
2019 BMW X1,26799,26,4.5,4.2
2019 Ford Ranger SuperCrew,27586,23,4.5,4.4
2019 Toyota Avalon,27618,26,4.5,4.0
2019 Volvo XC90,27859,26,4.5,4.1
2019 Mercedes-Benz CLA,28086,29,4.5,4.5
2019 Nissan LEAF,15476,29,4.4,4.5
2019 Volkswagen Jetta,17895,34,4.4,4.2
2019 Hyundai Veloster,18506,30,4.4,4.2
2019 Chevrolet Equinox,18592,28,4.4,3.9
2019 Hyundai Sonata,18764,29,4.4,4.3
2019 Kia Niro,18861,50,4.4,4.5
2019 GMC Terrain,19315,28,4.4,4.1
2019 Hyundai Ioniq Hybrid,19393,58,4.4,4.2
2019 Kia Sportage,19574,25,4.4,4.5
2019 Kia Optima,19668,27,4.4,4.1
2019 Nissan Rogue Sport,19920,27,4.4,4.3
2019 Nissan Altima,20168,32,4.4,4.0
2019 Hyundai Ioniq Electric,20555,32,4.4,4.2
2019 Honda Insight,20578,52,4.4,4.6
2019 Kia Niro Plug-in Hybrid,20611,52,4.4,4.5
2019 Hyundai Ioniq Plug-in Hybrid,20710,52,4.4,4.2
2019 Chevrolet Blazer,21346,24,4.4,4.4
2019 INFINITI QX30,22258,27,4.4,3.8
2019 Toyota C-HR,22264,29,4.4,4.0
2019 Hyundai Sonata Hybrid,22284,42,4.4,4.4
2019 MAZDA MAZDA6,22475,29,4.4,4.5
2019 Toyota Prius,23300,52,4.4,4.5
2019 Kia Optima Hybrid,23352,41,4.4,4.3
2019 Acura ILX,23379,28,4.4,4.3
2019 Chevrolet Traverse,24300,21,4.4,4.3
2019 Lexus UX,24803,25,4.4,4.2
2019 Ford F150 Regular Cab,25072,22,4.4,4.6
2019 Kia Niro EV,25095,22,4.4,4.4
2019 Kia Stinger,25553,25,4.4,4.8
2019 Ford F150 Super Cab,25669,22,4.4,4.6
2019 Volkswagen Atlas,25983,24,4.4,3.9
2019 Kia Optima Plug-in Hybrid,26414,24,4.4,4.3
2019 Cadillac XT4,26801,26,4.4,4.5
2019 Toyota Sienna,26837,22,4.4,4.4
2019 Hyundai Sonata Plug-in Hybrid,27219,22,4.4,3.9
2019 Toyota Highlander,28180,23,4.4,4.3
2019 INFINITI QX50,28244,26,4.4,4.1
2019 Lexus NX,28737,25,4.4,4.5
2019 Toyota Highlander Hybrid,28830,29,4.4,4.5
2019 BMW X3,28881,26,4.4,4.4
2019 Chevrolet Sonic,14904,29,4.3,4.0
2019 Nissan Versa Note,15524,34,4.3,3.9
2019 Kia Soul,15936,28,4.3,4.3
2019 Kia Rio,16022,32,4.3,4.1
2019 Hyundai Accent,16459,32,4.3,4.1
2019 Subaru Impreza,18692,30,4.3,4.3
2019 Nissan Rogue,21495,27,4.3,4.1
2019 Kia Sedona,22010,21,4.3,4.3
2019 Volkswagen Tiguan,22514,24,4.3,4.4
2019 Kia Soul EV,22853,24,4.3,4.9
2019 Subaru WRX,23414,23,4.3,4.5
2019 Jeep Grand Cherokee,24500,21,4.3,4.3
2019 Toyota Tacoma Access Cab,24734,21,4.3,4.0
2019 Chevrolet Camaro,24975,23,4.3,4.0
2019 Honda Ridgeline,26150,22,4.3,4.7
2019 Mercedes-Benz GLA,26170,26,4.3,4.4
2019 Acura TLX,26261,27,4.3,4.3
2019 Chevrolet Cruze,12471,33,4.2,4.0
2019 MAZDA CX-3,18630,31,4.2,4.5
2019 Hyundai Tucson,19296,26,4.2,4.1
2019 GMC Canyon Extended Cab,20300,22,4.2,4.4
2019 Nissan Pathfinder,21300,23,4.2,4.0
2019 GMC Canyon Crew Cab,25616,20,4.2,4.4
2019 Volkswagen Golf Alltrack,26945,25,4.2,4.7
2019 Ford Escape,17347,24,4.1,4.0
2019 Jeep Renegade,17705,24,4.1,3.9
2019 Volkswagen Golf,18437,32,4.1,4.3
2019 Ford Fusion,18941,25,4.1,4.4
2019 Kia Sorento,19840,25,4.1,4.4
2019 Nissan Murano,20281,23,4.1,4.6
2019 Toyota Prius c,21057,46,4.1,4.8
2019 Volkswagen Golf SportWagen,21504,31,4.1,4.6
2019 Volkswagen Passat,21545,29,4.1,4.4
2019 Volkswagen e-Golf,21939,29,4.1,5.0
2019 GMC Acadia,22800,23,4.1,4.2
2019 Volkswagen Golf GTI,24000,27,4.1,4.6
2019 Ford Fusion Energi,24968,27,4.1,4.6
2019 Jaguar F-PACE,25460,24,4.1,4.6
2019 INFINITI QX60,25764,22,4.1,4.1
2019 Volvo S90,27174,22,4.1,4.8
2019 BMW 4 Series,29093,27,4.1,4.8
2019 Alfa Romeo Stelvio,29720,24,4.1,4.8
2019 Nissan Sentra,16362,32,4.0,3.6
2019 Chevrolet Malibu,18783,32,4.0,3.9
2019 Subaru Legacy,21570,29,4.0,4.5
2019 Lincoln MKC,22263,23,4.0,4.6
2019 Lincoln Nautilus,23320,23,4.0,4.6
2019 Chrysler 300,23493,23,4.0,4.8
2019 MAZDA CX-9,23900,24,4.0,4.7
2019 Hyundai Santa Fe XL,24023,21,4.0,4.4
2019 Buick Cascada,24277,24,4.0,4.7
2019 Cadillac XT5,24885,22,4.0,4.2
2019 Dodge Challenger,25678,23,4.0,4.7
2019 Cadillac ATS,27805,25,4.0,4.4
2019 Alfa Romeo Giulia,28148,27,4.0,4.9
2019 Ford EcoSport,14540,28,3.9,4.2
2019 Buick Encore,15332,28,3.9,4.4
2019 Chevrolet Trax,15754,28,3.9,3.7
2019 Jaguar XE,22410,28,3.9,4.6
2019 Nissan Maxima,23010,24,3.9,4.7
2019 Chevrolet Spark,13522,33,3.8,4.2
2019 FIAT 500X,17387,26,3.8,4.0
2019 Ford Explorer,19126,20,3.8,4.2
2019 Ford Edge,19693,23,3.8,4.4
2019 INFINITI Q70,27326,21,3.8,4.4
2019 Lincoln Continental,28122,20,3.8,4.7
2019 Cadillac XTS,28540,22,3.8,4.5
2019 Nissan Versa,13350,30,3.7,3.9
2019 MINI Hardtop 2 Door,19077,32,3.7,4.6
2019 MINI Hardtop 4 Door,20105,31,3.7,4.6
2019 MINI Convertible,20597,31,3.7,4.6
2019 Lincoln MKZ,24285,41,3.7,4.6
2019 Dodge Charger,25546,23,3.7,4.7
2019 Jaguar XF,28519,28,3.7,4.8
2019 Dodge Grand Caravan Passenger,19319,20,3.6,3.7
2019 Mitsubishi Eclipse Cross,19657,26,3.6,4.2
2019 Jeep Compass,20429,25,3.6,3.5
2019 Buick Envision,20711,25,3.6,4.7
2019 Volkswagen Beetle,20872,29,3.6,4.3
2019 Toyota Mirai,21642,29,3.6,2.6
2019 Land Rover Discovery Sport,24800,22,3.6,3.9
2019 Toyota Yaris,15241,35,3.5,4.3
2019 FIAT 500,15533,27,3.5,4.3
2019 FIAT 500c,16762,27,3.5,4.3
2019 FIAT 500e,17536,27,3.5,4.7
2019 Mitsubishi Outlander,18521,27,3.5,4.6
2019 FIAT 500c Abarth,20189,30,3.5,4.3
2019 Jeep Cherokee,21107,23,3.5,3.9
2019 Mitsubishi Outlander PHEV,25543,23,3.5,4.6
2019 Dodge Durango,26150,21,3.2,4.7
2019 Mitsubishi Outlander Sport,16002,26,3.1,4.6
2019 Ford Taurus,19316,21,3.1,4.5
2019 Mitsubishi Mirage G4,14028,35,3.0,4.1
2019 smart fortwo EQ coupe,16150,35,3.0,5.0
2019 Dodge Journey,16541,21,2.9,3.7
2019 FIAT 500L,17067,25,2.9,4.5
2019 Buick Regal Sportback,17438,26,N/A,4.4
2019 smart fortwo EQ cabrio,18338,N/A,N/A,5.0
2019 Toyota Corolla Hatchback,19291,36,N/A,4.3
2019 Chevrolet Colorado Extended Cab,19747,22,N/A,4.3
2019 Buick Regal TourX,20739,24,N/A,4.4
2019 Subaru Outback,21310,28,N/A,4.4
2019 Nissan NV200 Taxi,22051,24,N/A,4.0
2019 MINI Clubman,22425,27,N/A,3.8
2019 Ram ProMaster City,22453,24,N/A,3.2
2019 Nissan NV200,22508,25,N/A,3.4
2019 Ford Transit Connect Passenger,22626,29,N/A,4.3
2019 Subaru Crosstrek,22692,N/A,N/A,4.4
2019 Volkswagen Arteon,23671,25,N/A,5.0
2019 MINI Countryman,24409,N/A,N/A,4.2
2019 Chevrolet Colorado Crew Cab,25240,22,N/A,4.3
2019 Ford Transit Connect Cargo,25352,25,N/A,4.3
2019 Jaguar E-PACE,25702,24,N/A,4.4
2019 Mercedes-Benz Metris Cargo,25997,22,N/A,4.0
2019 Volvo V60,29177,28,N/A,5.0
2019 Mercedes-Benz A-Class,29416,28,N/A,4.2
2018 Honda Accord,22575,33,4.8,4.4
2018 Honda CR-V,23447,27,4.8,4.1
2018 Honda Accord Hybrid,23957,47,4.8,4.3
2018 Audi A5,26429,27,4.8,4.1
2018 Honda Civic,15670,34,4.7,4.7
2018 Toyota Camry,15697,34,4.7,3.9
2018 MAZDA CX-5,18980,27,4.7,4.4
2018 Chevrolet Bolt EV,19903,27,4.7,4.6
2018 Subaru Crosstrek,20156,29,4.7,4.4
2018 MAZDA MX-5 Miata,20797,29,4.7,4.7
2018 Honda Pilot,22471,21,4.7,3.5
2018 MAZDA MX-5 Miata RF,22915,29,4.7,4.7
2018 Honda Clarity Plug-in Hybrid,23787,29,4.7,4.5
2018 BMW X2,24032,26,4.7,4.5
2018 Audi Q7,24266,21,4.7,4.4
2018 Acura MDX,24332,22,4.7,4.0
2018 Audi A4,24442,31,4.7,4.5
2018 Mercedes-Benz GLC,25575,24,4.7,3.9
2018 Toyota Camry Hybrid,26479,52,4.7,3.9
2018 Toyota Prius Prime,27987,52,4.7,4.8
2018 Acura MDX Sport Hybrid,27991,27,4.7,4.0
2018 Mercedes-Benz C-Class,28006,27,4.7,4.3
2018 Honda Fit,15809,36,4.6,4.5
2018 Chrysler Pacifica,18785,22,4.6,4.3
2018 Honda HR-V,18932,31,4.6,4.1
2018 Subaru BRZ,20990,24,4.6,4.6
2018 Toyota 86,21133,27,4.6,3.8
2018 Audi A3,22270,29,4.6,4.0
2018 Ford Mustang,22865,23,4.6,4.7
2018 BMW 2 Series,23767,28,4.6,4.8
2018 Mercedes-Benz CLA,23940,29,4.6,4.5
2018 Buick Enclave,24500,21,4.6,4.4
2018 BMW 5 Series,25578,21,4.6,4.6
2018 Audi A6,25719,26,4.6,4.6
2018 Volvo XC90,26030,25,4.6,4.1
2018 Chrysler Pacifica Hybrid,26215,25,4.6,4.1
2018 BMW X5,27276,21,4.6,4.4
2018 Audi S3,28149,25,4.6,4.5
2018 Hyundai Elantra,13778,35,4.5,4.1
2018 Nissan Kicks,13802,33,4.5,4.0
2018 Chevrolet Traverse,14200,21,4.5,4.3
2018 Nissan LEAF,15360,21,4.5,4.5
2018 Hyundai Kona,15511,27,4.5,4.3
2018 Hyundai Elantra GT,16900,27,4.5,4.1
2018 BMW i3,19168,27,4.5,4.7
2018 Chevrolet Impala,20421,25,4.5,4.6
2018 FIAT 124 Spider,20791,29,4.5,4.9
2018 Volkswagen Atlas,21636,20,4.5,3.9
2018 INFINITI Q50,22116,25,4.5,4.4
2018 Ford F150 Super Cab,22136,22,4.5,4.6
2018 Audi Q3,22289,23,4.5,4.9
2018 BMW X1,22458,25,4.5,4.2
2018 Ford F150 Regular Cab,22612,22,4.5,4.6
2018 BMW 3 Series,22701,28,4.5,4.5
2018 Acura RDX,23761,22,4.5,4.4
2018 INFINITI Q60,24977,25,4.5,4.8
2018 Ford F150 SuperCrew Cab,27277,22,4.5,4.6
2018 Audi A4 allroad,27349,25,4.5,4.0
2018 Lexus IS,28046,26,4.5,4.4
2018 Jeep Wrangler,29150,20,4.5,4.4
2018 Jeep Wrangler Unlimited,29185,20,4.5,4.4
2018 Hyundai Accent,14316,32,4.4,4.1
2018 MAZDA MAZDA3,16099,32,4.4,4.5
2018 Nissan Rogue Sport,16716,27,4.4,4.3
2018 Hyundai Sonata,16921,29,4.4,4.3
2018 Kia Niro,16946,50,4.4,4.5
2018 Chevrolet Equinox,17213,28,4.4,3.9
2018 Hyundai Ioniq Plug-in Hybrid,17271,28,4.4,4.2
2018 Hyundai Ioniq Hybrid,17490,58,4.4,4.2
2018 Kia Optima,17559,31,4.4,4.1
2018 Kia Sportage,17574,25,4.4,4.5
2018 Hyundai Sonata Hybrid,18027,42,4.4,4.4
2018 Hyundai Ioniq Electric,18434,42,4.4,4.2
2018 Kia Niro Plug-in Hybrid,18722,42,4.4,4.5
2018 Chevrolet Camaro,19048,20,4.4,4.0
2018 Toyota C-HR,19249,29,4.4,4.0
2018 MAZDA MAZDA6,19448,29,4.4,4.5
2018 INFINITI QX30,19557,27,4.4,3.8
2018 Kia Optima Plug-in Hybrid,21174,27,4.4,4.3
2018 Toyota Prius,21208,56,4.4,4.5
2018 Subaru WRX,21639,23,4.4,4.5
2018 Toyota Tacoma Access Cab,21836,21,4.4,4.0
2018 Toyota Sienna,22053,22,4.4,4.4
2018 Toyota RAV4,22468,25,4.4,4.4
2018 Chevrolet Volt,22557,25,4.4,4.5
2018 Hyundai Sonata Plug-in Hybrid,22844,25,4.4,3.9
2018 Toyota RAV4 Hybrid,23645,32,4.4,4.4
2018 Acura TLX,24363,27,4.4,4.3
2018 Kia Stinger,24575,25,4.4,4.8
2018 BMW X3,25188,25,4.4,4.4
2018 Volvo XC60,25673,24,4.4,3.7
2018 Lexus NX,25753,25,4.4,4.5
2018 Toyota Highlander Hybrid,26481,29,4.4,4.5
2018 Toyota Highlander,26631,23,4.4,4.3
2018 Ram 1500 Quad Cab,26689,24,4.4,4.6
2018 Chevrolet Cruze,10315,32,4.3,4.0
2018 Kia Rio,13345,32,4.3,4.1
2018 Nissan Versa Note,13627,34,4.3,3.9
2018 Chevrolet Sonic,14332,28,4.3,4.0
2018 Kia Soul,14358,27,4.3,4.3
2018 Subaru Impreza,15537,32,4.3,4.3
2018 MAZDA CX-3,16445,31,4.3,4.5
2018 Kia Soul EV,17814,31,4.3,4.9
2018 Subaru Outback,18048,28,4.3,4.4
2018 Hyundai Tucson,18155,26,4.3,4.1
2018 Nissan Rogue,18921,29,4.3,4.1
2018 Acura ILX,19427,29,4.3,4.3
2018 Volkswagen Tiguan,20422,24,4.3,4.4
2018 Jeep Grand Cherokee,21100,21,4.3,4.3
2018 Mercedes-Benz GLA,21855,27,4.3,4.4
2018 Jaguar E-PACE,22768,24,4.3,4.4
2018 Honda Ridgeline,24450,22,4.3,4.7
2018 Genesis G80,27146,22,4.3,4.7
2018 Nissan 370Z,28051,21,4.3,4.0
2018 Volvo V90,28720,26,4.3,4.7
2018 Ford Fiesta,11654,31,4.2,3.9
2018 Kia Forte,15219,32,4.2,4.4
2018 Kia Forte5,15779,28,4.2,4.4
2018 Toyota Corolla,16860,31,4.2,4.3
2018 Kia Sorento,16950,24,4.2,4.4
2018 GMC Canyon Extended Cab,17250,22,4.2,4.4
2018 Chevrolet Colorado Extended Cab,17500,22,4.2,4.3
2018 Nissan Pathfinder,17600,23,4.2,4.0
2018 Volvo S60,18239,29,4.2,4.5
2018 GMC Acadia,20983,23,4.2,4.2
2018 GMC Canyon Crew Cab,21200,20,4.2,4.4
2018 Volkswagen Golf Alltrack,22162,24,4.2,4.7
2018 Chevrolet Colorado Crew Cab,23102,22,4.2,4.3
2018 INFINITI QX60,23808,22,4.2,4.1
2018 Cadillac CTS,28319,24,4.2,4.6
2018 Ford Focus,11577,24,4.1,3.7
2018 Nissan Sentra,12417,32,4.1,3.6
2018 Volkswagen Jetta,14076,32,4.1,4.4
2018 Ford Escape,15091,24,4.1,4.0
2018 Volkswagen Golf,16123,28,4.1,4.3
2018 Ford Fusion,16615,25,4.1,4.4
2018 Jeep Renegade,17175,24,4.1,3.9
2018 Volkswagen e-Golf,17862,24,4.1,5.0
2018 Volkswagen Passat,18345,29,4.1,4.4
2018 Subaru Legacy,18442,29,4.1,4.5
2018 Toyota Prius c,18570,46,4.1,4.8
2018 Volkswagen Golf SportWagen,19117,28,4.1,4.6
2018 Ford Fusion Energi,20024,28,4.1,4.6
2018 Lincoln MKC,20650,23,4.1,4.6
2018 MAZDA CX-9,21126,24,4.1,4.7
2018 Buick Cascada,21190,24,4.1,4.7
2018 Volkswagen Golf GTI,21448,27,4.1,4.6
2018 Jaguar F-PACE,21656,24,4.1,4.6
2018 Dodge Challenger,22947,23,4.1,4.7
2018 Volvo S90,23489,27,4.1,4.8
2018 Alfa Romeo Giulia,25497,27,4.1,4.9
2018 BMW 4 Series,25675,27,4.1,4.8
2018 Buick Encore,13701,30,4.0,4.4
2018 Nissan Altima,16529,31,4.0,4.1
2018 Jaguar XE,18291,28,4.0,4.6
2018 Volvo V60,20213,29,4.0,4.0
2018 Chrysler 300,20560,23,4.0,4.8
2018 Hyundai Santa Fe,21422,21,4.0,4.4
2018 Cadillac XT5,22866,22,4.0,4.2
2018 Toyota Avalon,23095,24,4.0,4.4
2018 Kia Cadenza,23424,23,4.0,4.9
2018 GMC Sierra 1500 Regular Cab,23489,20,4.0,4.2
2018 Cadillac ATS,24804,25,4.0,4.4
2018 Toyota Avalon Hybrid,26182,40,4.0,4.8
2018 Acura RLX,27850,23,4.0,4.5
2018 Ford EcoSport,13447,28,3.9,4.2
2018 Chevrolet Trax,14882,28,3.9,3.7
2018 Toyota Yaris,15265,32,3.9,4.5
2018 Hyundai Santa Fe Sport,16246,24,3.9,4.6
2018 Ford C-MAX Hybrid,17997,40,3.9,4.6
2018 Nissan Maxima,19773,25,3.9,4.7
2018 INFINITI Q70,20714,21,3.9,4.4
2018 Buick LaCrosse,20976,29,3.9,4.4
2018 Chevrolet Spark,12969,33,3.8,4.2
2018 MINI Hardtop 2 Door,16455,32,3.8,4.6
2018 Ford Edge,17438,24,3.8,4.4
2018 MINI Hardtop 4 Door,17912,32,3.8,4.6
2018 MINI Convertible,18606,32,3.8,4.6
2018 Lincoln MKX,19191,20,3.8,4.6
2018 Lincoln Continental,25532,20,3.8,4.7
2018 Nissan Versa,12038,30,3.7,3.9
2018 Dodge Grand Caravan Passenger,16551,20,3.7,3.7
2018 Ford Explorer,16933,20,3.7,4.2
2018 Mitsubishi Eclipse Cross,17661,26,3.7,4.2
2018 Jeep Compass,18878,25,3.7,3.5
2018 Buick Envision,19530,25,3.7,4.7
2018 Jaguar XF,21234,28,3.7,4.8
2018 Lincoln MKZ,21827,40,3.7,4.6
2018 Dodge Charger,22483,23,3.7,4.7
2018 Land Rover Range Rover Evoque,27653,25,3.7,4.0
2018 Toyota Mirai,18313,25,3.6,2.6
2018 Volkswagen Beetle,19171,29,3.6,4.3
2018 Land Rover Discovery Sport,22483,22,3.6,3.9
2018 FIAT 500,13373,27,3.5,4.3
2018 FIAT 500c,15261,27,3.5,4.3
2018 Mitsubishi Outlander,16246,27,3.5,4.6
2018 FIAT 500e,16297,27,3.5,4.7
2018 FIAT 500 Abarth,17686,30,3.5,4.3
2018 FIAT 500c Abarth,18466,30,3.5,4.3
2018 Jeep Cherokee,18939,23,3.5,3.9
2018 Toyota Yaris iA,15546,35,3.4,4.3
2018 Dodge Durango,24350,21,3.2,4.7
2018 Mitsubishi Outlander Sport,14405,26,3.1,4.6
2018 Volkswagen Tiguan Limited,17372,23,3.1,4.2
2018 Ford Taurus,17634,21,3.1,4.5
2018 Mitsubishi Mirage,11291,36,3.0,4.4
2018 Mitsubishi Mirage G4,11845,35,3.0,4.1
2018 FIAT 500L,12979,25,3.0,4.5
